label,articles,result,gemini labels
0,"Access to cleaner water has increased ; mortality from ‘ Extreme Weather Events ’ has declined by 99 per cent since the 1920s ; fewer people are dying from heat ; death rates from climate-sensitive diseases like malaria and diarrhoea have decreased ( since 1900 malaria death rates have declined 96 per cent ) ; hunger rates have declined ; poverty has declined ( GDP per capita has quadrupled since 1950 even as CO2 levels have sextupled ) ; life expectancy has more than doubled since the start of industrialisation ; health adjusted life expectancy has increased ; global inequality has decreased in terms of incomes , life expectancies and access to modern-day amenities ; the earth is green and more productive ; habitat lost to agriculture has peaked due to fossil fuel dependent technologies .",0,1
0,"In its 2015 human-rights report on the island nation , the U.S. State Department said that significant problems include “ chronic government corruption , and chronic domestic violence , ” along with “ child abuse , sex trafficking , and lack of legal provisions protecting worker ’ s rights. ”",1,1
0,"Sea levels are projected to rise by more than 3 feet by the end of the century , wiping away beaches and coastal properties .",0,1
0,"As we 've noted in this space , the idea of `` settled science '' peddled by environmentalists and politicians defies the history of science , which has seen repeated upheavals of previous forms of `` settled science . ''",0,0
0,"`` When scientists say bears are going extinct , I want people to realize what it looks like . Bears are going to starve to death , '' said Nicklen . ``",1,1
0,"No one and nothing would experience it directly since we all live in regions , not the globe .",0,1
0,"By 2070 , that could be about a third of the overall global population at that time .",1,1
0,"Dirty water , dirty air
and insect-borne diseases are a far greater problem today for most people world-wide . Habitat loss and human predation are a far greater problem for most animals . Elephants
won ’ t make it to see a warmer climate .",0,1
0,"The problem with the proponents of man-made climate change theories isn ’ t that they might be wrong . The real issue is the arrogance and zealotry found in people who see science not as an ongoing process , but as a religion .",0,0
0,"A recent study found that 9 million people died prematurely from pollution-related diseases in 2015 , accounting for 16 % of all deaths worldwide .",0,1
0,"Ice core drilling shows that 800 years after natural warming , the atmosphere increases in carbon dioxide . The zenith of the Little Ice Age was 300 years ago and since then we have slightly warmed and cooled during a long-term warming trend . Instrumental temperature measurements over the past 150 years show no correlation between human emissions of CO2 and ­temperature . On all timescales it can be shown that there is no correlation between CO2 emissions and global warming .",0,0
0,There is no proof the current rate of change in Antarctica will continue .,0,1
0,"Research shows that this process is overpowering the erosion from sea-level rise , leading to net land-area gain .",0,1
0,"When it thaws and is released , that carbon may evaporate as methane , which is 34 times as powerful a greenhouse-gas warming blanket as carbon dioxide when judged on the timescale of a century ; when judged on the timescale of two decades , it is 86 times as powerful .",1,1
0,We are the envy of the world .,0,1
0,"The new research suggests that the oceans hundreds of millions of years ago were much cooler than we thought . If true , that means that the global warming we are currently undergoing is unparallelled within the last 100 million years , and far worse than we had previously calculated .",0,1
0,So it ’ s been a surprise to climate scientists that 2017 has been so remarkably warm — because the last El Niño ended a year ago .,0,1
0,"Although the extent of the summer sea ice after 2006 dropped abruptly to levels not expected until 2050 , the predicted 67-per-cent decline in polar bear numbers simply didn ’ t happen .",0,1
0,"Not only do polls suggest the public is unmoved at home and in abroad , serial exaggeration at this point is arguably backfiring , confirming the perils of climate exaggeration .",0,1
0,Green activists are at war with the greatest American foe since the Axis Powers—or so they say .,0,1
0,"Global warming is not even the obvious top environmental threat . Dirty water , dirty air
and insect-borne diseases are a far greater problem today for most people world-wide .",1,0
0,"And for the media it ’ s ideology , money , and headlines .",0,1
0,"The Earth has experienced five mass extinctions before the one we are living through now , each so complete a slate-wiping of the evolutionary record it functioned as a resetting of the planetary clock , and many climate scientists will tell you they are the best analog for the ecological future we are diving headlong into .",0,1
0,"The highest record temperature ever reported was 136 degrees Fahrenheit in Libya in 1922 . The record high temperature for the United States was 134 degrees Fahrenheit in Death Valley , California in 1913 . Fossil fuel emissions in 1913 and 1922 were negligible compared to today .",0,1
0,"In the very year they had forecast that the Arctic would be “ ice free ” , its thickness increased by a third . Polar bear numbers are rising , not falling . Temperatures in Greenland have shown no increase for decades .",0,0
0,"Why , between 2009 and 2014 , did Defra spend a whopping £12.5 million on an ocean acidification research programme when the issue could have been resolved , for next to nothing , after a few hours ’ basic research ?",0,0
0,"For decades , most scientists saw climate change as a distant prospect .",1,1
0,"If your anxiety about global warming is dominated by fears of sea-level rise , you are barely scratching the surface of what terrors are possible , even within the lifetime of a teenager today .",0,1
0,"Skeptics have long pointed to ice gain in the Southern Hemisphere as evidence climate change wasn ’ t occurring , but scientists warned that it was caused by natural variations and circulations in the atmosphere .",0,1
0,"Furthermore , the overall increases in such things as hurricanes and tornadoes have not materialized . Drought in the western U.S. pales in comparison to the mega-droughts tree rings tell us existed in centuries past . Lake-bottom sediments in Florida tell us that recent major hurricane activity in the Gulf of Mexico has been less frequent than in centuries past . Strong Sandy-type storms occur every year in all the major ocean basins… they just don ’ t happen to hit major metropolitan areas .",1,1
0,Should we trust these computer models of doom ?,0,0
0,"The rise in Arctic temperatures is probably also tied to a sudden warming of the stratosphere , the atmospheric layer about 30,000 feet high — above where most weather happens — that occurred several weeks ago , Moore said .",0,1
0,The World Coal Association disputed the conclusion that stopping global warming calls for an end of coal use .,0,1
0,The problem with this ploy is that carbon dioxide is not a pollutant and it is dishonest to say it is .,0,0
0,"“ It ’ s sobering to think of this magnificent landscape and how fundamentally it can change over a relatively short time period , ” he added .",1,1
0,"NASA honored him for this achievement , and he was an author for a previous edition of the U.N. report . He told a House Science Committee hearing in March 2017 that the U.N. climate models have failed badly . Christy compared the average model projections since 1979 to the most reliable observations — those made by satellites and weather balloons over the vast tropics .",0,1
0,"The 2009 Black Saturday bushfires , which claimed the lives of 173 Australians , are etched into the national consciousness . But in the heatwave that led up to the fires , the number of deaths soared .",0,1
0,Anew study produced by a University of Wisconsin-Madison geoscientist and Northwestern astrophysicist presents an explanation of the fluctuations of the earth 's temperatures that global warming alarmists are going to make sure to bury :,0,0
0,Global warming activists ’ propensity for doing so shows just how little value they place in a truthful debate .,1,0
0,"Some one billion people would be forced to attempt to relocate from unlivable conditions , and two billion would face scarcity of water supplies . Agriculture would collapse in the sub-tropics , and food production would suffer dramatically worldwide . The internal cohesion of nation-states like the US and China would unravel .",1,0
0,"Interstates are under feet of water , local authorities have asked boat owners to join rescue efforts , and most of the streams and rivers near the city are in flood stage .",1,1
0,"Even then , the report found that polar bears were moving from ice to land earlier and staying on land longer , unhealthily extending the bears ' fasting season . By the end of summer , most bears studied by the World Wildlife Fund showed signs of starvation . Fifteen years later , polar bears ' icy hunting grounds are in even worse shape .",0,1
0,"If ECS is as low as the Energy Balance literature suggests , it means that the climate models we have been using for decades run too hot and need to be revised .",1,1
0,"To the extent that the cost of weather disasters has risen over time , that is well known to be the result of modern society building more infrastructure in areas that are prone to damage from weather—which is almost everywhere .",0,1
0,Construction and maintenance of wind and solar facilities ­release far more carbon dioxide than they are meant to save over their working lives and they need to be sup­ported 24/7 by coal-fired generators .,0,0
0,"Others have argued that the records were caused by El Nino , a complex natural phenomenon that takes place every few years , and has nothing to do with greenhouse gas emissions by humans .",0,0
0,"Salmon are crucial to their coastal ecosystem like perhaps few other species on the planet . A significant portion of the nitrogen in West Coast forests has been traced back to salmon , which can travel hundreds of miles upstream to lay their eggs . The largest trees on Earth simply wouldn ’ t exist without salmon .",1,1
0,"Furthermore , whereas in 2008 most of the ice was extremely thin , this year most has been at least two metres thick .",1,1
0,Adding more CO2 molecules to the atmosphere is like painting over a red wall with white paint — the first coat does most of the work of concealing the red .,0,1
0,"To limit global warming to 1.5 degree C is “ possible within the laws of chemistry and physics , ” said Jim Skea , co-chair of IPCC Working Group III . “ But doing so would require unprecedented changes . ”",0,1
0,The role of the sun and clouds was not considered important by modellers . They are the major drivers for the climate on our planet .,0,1
0,In this scenario they may still have the opportunity to visit a living Great Barrier Reef .,1,1
0,"The melting Greenland ice sheet is already a major contributor to rising sea level and if it was eventually lost entirely , the oceans would rise by six metres around the world , flooding many of the world ’ s largest cities .",1,1
0,In recent years there has been more polar ice in the world than at any time since satellite records began in 1979 .,0,1
0,"And on and on it goes — there are 80 graphs in all , each showing in its different way why the scare about global warming has been horribly overdone because the evidence just doesn ’ t support its being unusual or a problem .",1,1
0,"As we have already seen , during this time , the Northern Hemisphere experienced ‘ The Little Ice Age ’ where crops failed and plague wiped out tens of millions of people showing a clear correlation between solar activity and temperature on Earth . Likewise , there was also high solar activity during the Medieval Warm Period .",0,1
0,"And last month , Brown told a conference at the Vatican that the world needed “ brain washing ” on climate change .",1,1
0,"The glaciers of Pine Island Bay are two of the largest and fastest-melting in Antarctica . ( A Rolling Stone feature earlier this year dubbed Thwaites “ The Doomsday Glacier. ” ) Together , they act as a plug holding back enough ice to pour 11 feet of sea-level rise into the world ’ s oceans — an amount that would submerge every coastal city on the planet .",0,1
0,"Objective data show there has been a gradual increase in global precipitation and soil moisture as our planet warms . Warmer temperatures evaporate more water from the oceans , which in turn stimulates more frequent precipitation over continental land masses . The result of this enhanced precipitation is an improvement in soil moisture at almost all sites in the Global Soil Moisture Data Bank . If declining precipitation and declining soil moisture are military threat multipliers , than global warming is creating a safer , more peaceful world .",0,0
0,"Also , the modest recent warming is producing U.S. and global crop production records virtually every year , creating billions of dollars in new economic and human welfare benefits each and every year .",1,0
0,Cato Institute scientists Patrick Michaels and Chip Knappenberger have noted the climate models have been over-hyping warming for decades . Scientist John Christy of the University of Alabama-Huntsville has testified before Congress on the matter . Christy ’ s research has shown climate models show 2.5 times more warming in the bulk atmosphere than has been observed . ...,0,1
0,"Howard Browman , a marine scientist for 35 years , has published a review in the ICES Journal of Marine Science of all the papers published on the subject . His verdict could hardly be more damning . The methodology used by the studies was often flawed ; contrary studies suggesting that ocean acidification wasn ’ t a threat had sometimes had difficulty finding a publisher .",0,1
0,"In June last year , a severe heatwave claimed over 1,000 lives in Karachi , Pakistan . Severe drought caused food shortages for millions of people in Ethiopia , with a lack of rainfall resulting in “ intense and widespread ” forest fires in Indonesia that belched out a vast quantity of greenhouse gas .",0,1
0,The rate of sea-level rise has not accelerated .,1,1
0,Just because we are alive today does not mean we change major planetary systems that operated for billions of years .,0,0
0,,0,1
0,"“ The predictions of what ’ s going to happen over the next 20 , 30 , 40 years — it ’ s real , ” said Mr. Tuckman , the founder of a company offering creative services to the retail industry .",1,0
0,"In the past decade China has increased its carbon dioxide emissions by 53 per cent , 12 times Australia ’ s total carbon dioxide output of 1.3 per cent of the global total .",0,0
0,"At six feet , though , around 12 million people in the United States would be displaced , and the world ’ s most vulnerable megacities , like Shanghai , Mumbai , and Ho Chi Minh City , could be wiped off the map .",0,1
0,And then you get scared .,1,1
0,"Extreme melting and changes to the climate may have released pressure on to the continent , allowing the ground to rise up , a Nature report claims .",0,1
0,Australia ’ s symbolic suicidal climate policy just makes everybody poorer .,1,0
0,"As the BBC reported in May , scientists suspect smallpox and the bubonic plague are trapped in Siberian ice , too — an abridged history of devastating human sickness , left out like egg salad in the Arctic sun .",0,1
0,,0,1
0,"The highest record temperature ever reported was 136 degrees Fahrenheit in Libya in 1922 . The record high temperature for the United States was 134 degrees Fahrenheit in Death Valley , California in 1913 . Fossil fuel emissions in 1913 and 1922 were negligible compared to today .",0,1
0,"Without carbon dioxide , there would be no complex life on earth .",0,1
0,"News flash , Mr. President : Alaska has been buffeted by cyclical swings in climate for thousands of years . That ’ s true for the rest of the world , too . There was a 300-year-long Medieval heat wave , followed by a Little Ice Age that began around 1300 , and then the 300-year warming period we ’ re in now .",1,0
0,"Brazil , the world ’ s largest exporter of red meat , holds around 212 million cattle . ( In June , the U.S. temporarily suspended imports of beef from Brazil due to abscesses , collections of pus , in the meat . )",0,1
0,"Those eruptions meant there was more subsequent warming in the following years , making the rate of warming appear to be rising as a result of man-made emissions or other factors , Christy said .",0,1
0,"If global warming is “ real , ”
both sides of the debate seem to assume , the climate lobby ’ s policy agenda follows
inexorably .",0,1
0,"He said that he and his students cried when he showed them maps of the damage , which he had calculated in part by flying low in small planes and helicopters .",1,1
0,"On our current trajectory , the report warns , “ planetary and human systems [ are ] reaching a ‘ point of no return ’ by mid-century , in which the prospect of a largely uninhabitable Earth leads to the breakdown of nations and the international order . ”",0,0
0,A harrowing scenario analysis of how human civilization might collapse in coming decades due to climate change has been endorsed by a former Australian defense chief and senior royal navy commander .,1,1
0,Alarmist attempts to frame thriving forests as harmful perfectly illustrate the alarmists ’ proclivity to claim anything and everything – no matter how beneficial – is severely harmful and caused by global warming .,1,0
0,"The Chinese “ airpocalypse ” of 2013 peaked at what would have been an Air Quality Index of over 800 . That year , smog was responsible for a third of all deaths in the country .",0,1
0,"Update Jan. 25 , 2016 : As I predicted in this article , global warming activists have indeed made a full-blown public relations effort to claim 2015 was the warmest year on record .",0,1
0,"Global warming alarmism provides them , more than any other issue , with the things they
most want : For politicians it ’ s money and power . For environmentalists it ’ s money for their
organizations and confirmation of their near religious devotion to the idea that man is a
destructive force acting upon nature . And for the media it ’ s ideology , money , and headlines .",0,0
0,"As long as the ice-water mix is well-stirred ( like a glass of ice water ) , the surface temperature stays at the freezing point until all the ice melts .",0,1
0,The sea has crept up to the point that a high tide and a brisk wind are all it takes to send water pouring into streets and homes .,0,1
0,The international team onboard the Russian research ship R/V Akademik Keldysh said most of the bubbles were currently dissolving in the water but methane levels at the surface were four to eight times what would normally be expected and this was venting into the atmosphere .,1,1
0,"While it 's too soon to say precisely how global warming may have affected the rare confluence of events that conspired to dump at least 26.88 inches of rain in less than four days on South Carolina , changes in extreme precipitation events are one of global warming 's most well-documented climate change impacts .",0,1
0,Any increase in flooding activity is due to human alterations of river and stream flow rather than precipitation changes .,0,0
0,"Still , the shift is precisely what he and other cyclone experts said would be expected from climate change .",0,1
0,“ This has been the saddest research trip of my life ”,0,1
0,Eight countries control land in the Arctic Circle . Five have coastlines to defend . The temperature is rising . The ice is melting . The race for newly accessible resources is beginning . And Russia is gaining ground .,0,1
0,You ’ ve only got to look at Singapore .,0,1
0,"Meanwhile , Mr Beckwith confirmed the changes would usher in a sustained period of “ climate system mayhem ” which could prove difficult to resolve .",0,1
0,"Temperature , like viscosity and density , and of course phone numbers , is not something that can be meaningfully averaged . “ Global temperature ” does not exist .",0,0
0,"The Little Ice Age
ended as recently as 1850 . Therefore , it is no surprise that we now are expe riencing a period of warming .",0,0
0,"By ignoring history and geology , any claim of unusual weather can be made sensational .",1,1
1,"Coach talks with football player, other players and crowd in background. Thus, a football coach talks with his player in front of the team and the crowd.",1,0
1,"Two men watching one man make a golf putt on the set of Sports Center. As a consequence, people watching sports.",0,0
1,"Six women wait to use a port-o-john in a field. Thus, women are outside.",1,1
1,Women wearing a black top and glasses speaking into a blue tipped microphone with another woman beside her writing. It follows that one woman speaking into a microphone while a second woman writes beside her.,0,1
1,"One tan girl with a wool hat is running and leaning over an object, while another person in a wool hat is sitting on the ground. Therefore, a tan girl runs leans over an object.",1,0
1,A scientist studies a slide in order to work on her new creation. It follows that a scientist studies a slide that is related to her invention.,0,1
1,"A red dog jumps and catches a tennis ball in its mouth. Consequently, a dog catching a ball.",1,1
1,"A group of dogs stand in the snow. Thus, there are animals outdoors.",1,1
1,This person looks to be snowboarding on a very small pile of snow on a sunny cold day. This implies that young snowboarder sizing up their next jump.,0,0
1,"A large number of people are watching men dressed in kilts, one of whom has thrown a long pole. As a consequence, people watch men in kilts.",1,0
1,"A boy is riding down the road between two cows. Consequently, a boy, a road and two cows.",0,0
1,A bald man is getting out of a small blue car. It follows that the man is bald.,1,1
1,"Young boys in green and blue jerseys kick around a soccer ball while other soccer games take place in the background. Thus, young boys kicking around a soccer ball.",1,1
1,"A girl playing a violin along with a group of people. Consequently, a girl is playing an instrument.",1,1
1,Two small boys in blue soccer uniforms use a wooden set of steps to wash their hands in an adult-sized bathroom. It follows that two boys washing their hands.,1,1
1,A soccer player in white kicks a ball as another soccer player lunges towards the ball and a third soccer player in red follows close by. This implies that there are three soccer players.,1,1
1,"Children playing a video game together. Thus, the kids are indoors playing a video game.",1,0
1,Two people in coats kiss on the side of a road. This implies that people show their appreciation for another.,1,0
1,Woman reading a book with a grocery tote. It follows that a woman is reading.,1,1
1,"A man wearing a brown hoodie is shopping for snacks. As a consequence, the man is wearing brown.",1,1
1,"A young man in a blue T-shirt and sweatpants stands over a stove and looks at the camera while another young man stands behind him. As a consequence, a man is in front of a camera.",0,1
1,"This church choir sings to the masses as they sing joyous songs from the book at a church. Therefore, the church is filled with song.",1,1
1,"A man and a woman are standing at the side of an inflatable climbing structure. As a consequence, a man and a woman are standing.",0,1
1,An asian teenager wearing a white shirt with black stripes is sitting on the steps with his face resting on his hand. This implies that the teenager is seated.,1,1
1,"Boy in red and black shirt walks through grass. Therefore, the boy is walking.",1,1
1,"These girls are having a great time looking for seashells. As a consequence, the girls are happy.",1,1
1,"Small girl in a pink dress is playing electronic drum pads with sticks. Consequently, a girl is playing electronic drums.",1,1
1,"A blond woman with a tattoo of on an angel on her arm walking down the street, a concrete wall in the background. As a consequence, a person with a tattoo.",1,0
1,"A tan dog chases a black and white soccer ball. Therefore, a dog is chasing a ball.",1,1
1,"A dusty boy runs along a dirt path through the grass. As a consequence, a boy is outside running.",1,0
1,"A guy with a football, a crowd watching him. Consequently, there is a guy holding a football.",0,1
1,Two women are tending to their herd of animals including cows and goats near a building made primarily of stone. It follows that the two women are taking care of a herd of animals.,1,1
1,"A boy and girl play together on a pile or rocks in a residential area. Thus, the boy and girl are outside.",0,1
1,"A boy stands in the middle of a crowd of teenagers. Thus, a person stands in the middle of a crowd of teenagers.",1,1
1,"Two men are standing in a boat. Thus, some people are in a boat.",1,1
1,An Asian woman dressed in a colorful outfit laughing. It follows that a woman is wearing colorful clothing.,1,1
1,"A woman in black reviews a message as she walks to work. Hence, the woman in black has a job.",1,1
1,"A shirtless man rock climbs. As a consequence, a man is outside.",1,1
1,"A man wearing a kilt has thrown a large pole. Therefore, a man is wearing a skirt.",1,0
1,"A man in a blue t-shirt is taking a picture while a woman with an umbrella walks behind him. Consequently, a man is taking a picture outdoors while a woman walks behind him.",0,0
1,"A child and a parent or older sibling going for a hike. Consequently, two people are going for a hike.",1,1
1,"Two kids in black trunks bouncing on a wet trampoline. Consequently, children play on trampolines outdoors.",0,0
1,"2 people with backpacks are at a table with a woman with a beige blazer sitting behind it. Thus, 2 people are at a table.",0,1
1,"A group stands and watches two men, apparently dressed in some sort of costume, wrestle on the ground. It follows that there are people wrestling.",1,1
1,"two girls looking out the window at ""Hair at Hart."" Hence, two people look out a window.",1,1
1,"A man visiting a friend in the hospital. Therefore, a man in a hospital receives a visiting friend.",1,1
1,"A schoolgirl is jumping over a low hurdle. Consequently, a girl is jumping over a hurdle.",0,1
1,"Young Asian girl is sitting on the ground in rubble. Hence, the young Asian girl is outside in the rubble.",1,1
1,"A group of women sing together while wearing matching black dresses. Thus, there are women singing.",1,1
1,Two boys in running clothes stretching. This implies that the boys are stretching.,0,1
1,A group of young men in a gym take turns scoring in basketball. This implies that guys are indoors.,1,1
1,"An Eastern vendor sits by his stall with a rooster nearby. Consequently, a rooster near a vendor.",1,1
1,"A bird is perched on a tree branch. Thus, a bird is perching in a tree.",1,1
1,"A man in an overcoat putting on his gloves at a subway station. Therefore, a person is in the subway station.",1,1
1,"Person with umbrella observes flooded streets with cars in the water. Consequently, a person is outside.",1,1
1,A group of people are camping out on some rocks. This implies that people are outdoors.,1,1
1,A choir made up of varying ages of people are performing. This implies that the choir is singing.,1,1
1,A man scales a rock climbing wall. It follows that a man rock climbing.,1,1
1,"A little white dog runs outside, their ears blown back in the wind. It follows that there is an animal outside.",1,1
1,"A bearded man sits near a white van. As a consequence, a man sitting outside near a van.",1,0
1,"Two children wearing hooded tops laughing with each other. Thus, children laugh.",1,0
1,"A man in glasses in a basement. Thus, the basement has a man in it.",1,1
1,A man in a white shirt speaks into a microphone as other men gather behind him at a public event. This implies that a man in a white shirt is making a speech in front of a crowd.,1,1
1,A brown and white dog is chained up near a red chair. It follows that the dog is chained to a chair.,0,0
1,"This is when daddy taught her how to ride her scooter. Consequently, daddy taught her.",1,0
1,"A small girl with short brown hair is pushing a pink scooter over grass with brown leaves with threes in the background. Therefore, the girl is outside.",1,1
1,"A man wearing a black cap is suspended in the air on a swing, as children are swinging on a swing set. Hence, a man in a black hat is swinging with some children.",0,0
1,"A man with a blue, collared shirt sits in front of another man. This implies that a man sits in front of another man.",1,1
1,"A young man in an orange shirt, maneuvers a skateboard at the top of a ramp. Therefore, a person rides a skateboard.",1,1
1,"A large group of people walking in a busy city at night. Consequently, people are walking a city.",0,0
1,"A group of people are walking by a van. Therefore, some people outdoors.",1,1
1,"A white and a black dog fighting in a fenced in room. As a consequence, the dogs are fighting.",0,0
1,"A white greyhound dog wearing a muzzle runs around a track. Hence, the dog is racing other dogs.",0,0
1,The pitcher is pitching the ball in a game of baseball. It follows that the pitcher throws the ball.,1,0
1,"Girl in a red coat, blue head wrap and jeans is making a snow angel. As a consequence, a girl outside plays in the snow.",1,0
1,"Men in an office with computers and a projector screen. Consequently, there are computers and a projector screen in the room.",1,0
1,"A small child in a red jacket is sitting on a man's shoulders and holding his head. Therefore, the child's hands are on the man's head.",0,1
1,Three girls are standing and talking to each other. It follows that three girls are talking.,1,1
1,"a man with a cap and not wearing shirt is laying a wooden bench. Consequently, a man relaxes on a bench.",0,0
1,"A man in a red shirt is being filmed by another man on a sports field with a huge audience of people watching and cheering. Therefore, the man is being filmed by another man.",1,0
1,"A man in a suit cheering in a library in front of children. Thus, a guy is cheering near some children.",1,1
1,A man in suit waiting for the green light. This implies that a man waits at a red light.,1,1
1,"A man smokes while leaning against a pillar, which has a ""missing person"" flier posted on it. Thus, a guy smoking against a wall with a flier on it.",0,1
1,"A woman is standing at a podium. Thus, a person is at a podium.",1,1
1,Four boys are about to be hit by an approaching wave. It follows that a wave is about hit some boys.,1,1
1,"people are sitting on a bench in front of buildings. Thus, some people are seated on a bench outside.",0,1
1,The skateboarder is jumping his board in the air while another skateboarder watches. This implies that a skateboarder is jumping.,1,1
1,"A man wearing a black hat and coat makes a face with a crowd behind him. As a consequence, a guy is standing near a crowd of people.",0,0
1,"A group of soldiers march in a parade. Thus, a group of people march in a parade.",1,1
1,The 3 dogs are cruising down the street. This implies that three dogs together.,1,1
1,"The gentleman is speaking while the others are listening. As a consequence, the man is being given respect.",1,0
1,"One child in black is walking down a hill covered in white snow while 2 children are on their knees. Thus, there are three children in this picture, and they are all outside.",1,1
1,A group of people are sight seeing and taking pictures. It follows that there are a group of people.,1,1
1,"Army men grilling a lot of meat while his troop looks on. Hence, some of the people here have been in the armed forces.",1,1
1,"The basketball player in red is challenging the player in white for the ball. Consequently, people are playing basketball.",1,0
1,"A older man with gray hair wearing a gray suit next to a green and yellow taxi. Thus, a older man with gray hair wearing a gray suit.",1,1
1,"A man drops something, reaching for it while a woman in a beige blazer discusses an important topic. Hence, a woman is talking while a man is reaching for something.",1,1
1,A crowd watching a skateboarder. This implies that a person is skateboarding.,0,1
1,"A male guitar player is vigorously singing a not to a song in a poorly lit room. As a consequence, a man is singing indoors.",1,1
1,"The sun breaks through the trees as a child rides a swing. Thus, a child rides a swing in the daytime.",0,1
